"","Loan_ID","Gender","Married","Dependents","Education","Self_Employed","Property_Area","PC1","PC2","PC3","PC4","PC5","Loan_Status"
"1","LP001015","Male","No","0","Graduate","No","Urban",0.0132720160771538,-0.983653345938947,0.886833395277848,0.197287191900057,-0.237089195943604,"Y"
"2","LP001022","Male","No","1","Graduate","No","Urban",-0.135376443879139,0.187739404360669,0.204649705485966,-0.500503001758555,0.221610721417901,"Y"
"3","LP001031","Male","No","2","Graduate","No","Urban",1.36290234235199,0.0376846805482124,0.44669322165209,0.116446880663719,0.62748595200285,"Y"
"4","LP001035","Male","No","2","Graduate","No","Urban",NA,NA,NA,NA,NA,NA
"5","LP001051","Male","","0","Not Graduate","No","Urban",-0.977576581312657,-0.508368249840177,0.51254988307346,-0.4535201119459,0.00309688277474329,"N"
"6","LP001054","Male","No","0","Not Graduate","Yes","Urban",0.370502924312798,1.15355617963591,-0.29178499072399,-0.79467568819504,0.245669975810807,"Y"
"7","LP001055","Female","","1","Not Graduate","No","Semiurban",-1.46329770446177,-0.314599192786146,0.351428343568952,-0.744749980528178,0.0438279433535041,"Y"
"8","LP001056","Male","No","2","Not Graduate","No","Rural",-0.191629153083221,-1.3572940964189,-1.83423540858819,0.905009843536489,0.778395256079283,"N"
"9","LP001059","Male","No","2","Graduate",NA,"Urban",2.97337322382975,-0.827921291632751,2.68969279573725,4.88088879242465,0.0263563639644243,NA
"10","LP001067","Male","","0","Not Graduate","No","Semiurban",-0.135727661447223,0.664860169546941,-0.066734781918604,-0.731034825309286,0.115761325997571,"Y"
"11","LP001078","Male","","0","Not Graduate","No","Urban",-0.887737612644594,-0.44376497774675,0.485098435993467,-0.470853338316224,0.192790730956888,"Y"
"12","LP001082","Male","No","1","Graduate",NA,"Semiurban",0.0518792799932206,0.46156190474332,0.0681170088314245,-0.633363933453389,0.871731125988973,NA
"13","LP001083","Male","","3+","Graduate","No","Urban",NA,NA,NA,NA,NA,NA
"14","LP001094","Male","No","2","Graduate",NA,"Semiurban",2.14636910784825,-3.14762456630165,-0.569833044732911,2.9147664127938,-1.10168958735417,NA
"15","LP001096","Female","","0","Graduate","No","Semiurban",-0.0962926771072491,-0.723501785121958,0.727116398961609,-0.0218318671838039,0.197101407796659,"Y"
"16","LP001099","Male","","1","Graduate","No","Urban",0.239739594711408,-0.93028679438514,0.880040709365762,0.231203024515835,0.0261088085066173,"Y"
"17","LP001105","Male","No","2","Graduate","No","Urban",1.42128781329405,0.527953196929309,0.174088968570449,-0.0789279845284874,0.338345638757699,"Y"
"18","LP001107","Male","No","3+","Graduate","No","Semiurban",-0.221979923920964,-0.401931677030694,0.530935011810179,-0.249713822238338,0.354901554174935,"N"
"19","LP001108","Male","No","0","Graduate","No","Urban",4.90088738325229,1.55865806875879,-0.0470066864547084,0.891609975567951,-0.995380320607097,"Y"
"20","LP001115","Male","","0","Graduate","No","Semiurban",-1.94431317850014,3.60304575060146,0.444762518409273,2.52576485900297,0.211386190194725,"Y"
"21","LP001121","Male","No","1","Not Graduate","No","Urban",-1.3031665557625,0.339363873679224,-0.00352490638809888,-0.963566072930161,-0.436498799173036,"Y"
"22","LP001124","Female","","3+","Not Graduate","No","Urban",-3.36445679617804,1.9995857386784,1.20822190162347,2.79689925379813,0.0888039073560856,"Y"
"23","LP001128",NA,"","0","Graduate","No","Urban",-0.552792290428195,-0.602266582298054,0.610387765277442,-0.252388590426748,0.115846167453195,NA
"24","LP001135","Female","","0","Not Graduate","No","Urban",-0.315310620264284,-0.522883688939603,0.589914789137792,-0.233425240025646,0.437833428174684,"N"
"25","LP001149","Male","No","0","Graduate","No","Urban",2.99537789145551,1.06985709706928,0.0304152494320938,0.210947714305972,0.807705839383439,"Y"
"26","LP001153","Male","","0","Graduate","No","Rural",4.34282847316632,8.40816635665269,-6.91119347410963,-1.70640944014311,-4.67376085364687,"N"
"27","LP001163","Male","No","2","Graduate","No","Urban",NA,NA,NA,NA,NA,NA
"28","LP001169","Male","No","0","Graduate","No","Urban",3.2162607510008,0.343289203050856,0.467175284551062,0.720501284819442,0.265261731821767,"Y"
"29","LP001174","Male","No","0","Graduate","No","Semiurban",NA,NA,NA,NA,NA,NA
"30","LP001176","Male","","0","Graduate","No","Urban",-1.48864241847993,2.88685070061223,0.899793192636027,3.04749443199567,0.384039020567959,"Y"
"31","LP001177","Female","","0","Not Graduate","No","Semiurban",-1.21596907321355,-0.338396867810972,0.390795672769703,-0.649527342089704,0.170099605647058,"Y"
"32","LP001183","Male","No","2","Graduate","No","Urban",1.27451529858782,-0.633384764704767,0.819316639504879,0.446766297772995,0.383095224675196,"Y"
"33","LP001185","Male","","0","Graduate","No","Semiurban",0.252959839439558,0.264940486607887,0.201282639023527,-0.410285590323881,0.432864313721091,"Y"
"34","LP001187","Male","No","0","Graduate","No","Urban",0.433055015945008,0.764212657559023,-0.063818126205408,-0.584383653388169,0.351941499195942,"Y"
"35","LP001190","Male","No","0","Graduate","No","Urban",-0.497634189348598,0.227409406463906,0.144272975298845,-0.638475946292768,-0.00137468204433606,"Y"
"36","LP001203","Male","","0","Graduate","No","Semiurban",-0.0471353172033443,-1.1385776422623,-1.9438296249811,0.795747784194657,1.30893241139669,"N"
"37","LP001208","Male","No","2","Graduate",NA,"Urban",0.70307966387811,2.64546414206246,1.26715471520897,4.11018966724268,-0.464604486773152,NA
"38","LP001210","Male","No","0","Graduate","Yes","Urban",-0.456835189743939,0.774175800380887,-0.162278119601599,-0.863302710579264,-0.348248476332285,"Y"
"39","LP001211","Male","","0","Graduate","Yes","Urban",0.110751974287777,-0.996655958764963,0.904414521973157,0.237385731571664,-0.194436030810919,"Y"
"40","LP001219","Male","","0","Graduate","No","Urban",0.253207006543943,0.25840555263315,0.205223564362669,-0.372041079155636,0.0958817879420622,"Y"
"41","LP001220","Male","No","0","Graduate","No","Urban",0.0636925379276418,-0.679830203564301,0.719469780248552,0.0958615942513677,-0.552728294623079,"Y"
"42","LP001221","Female","","0","Graduate","No","Urban",-0.517703866004615,-0.525981225939994,0.57056565275476,-0.295347636959562,0.290182062438934,"Y"
"43","LP001226","Male","No","0","Not Graduate","No","Semiurban",-0.765568947055312,0.603100892842203,-0.0974957563773862,-0.931821317945209,-0.0105462739998133,"Y"
"44","LP001230","Male","","0","Graduate","No","Semiurban",1.83897352670605,-0.0119530297596024,0.525196518371027,0.398262988401365,-0.0636202723998102,"Y"
"45","LP001231","Female","","0","Graduate","No","Urban",-0.8092486850786,-0.582437903725783,0.572330511059182,-0.347689468423564,-0.024603583389278,"N"
"46","LP001232","Male","No","0","Graduate","No","Urban",NA,NA,NA,NA,NA,NA
"47","LP001237","Male","No",NA,"Not Graduate","No","Urban",0.548367229863712,0.0102771098047792,0.377118152672901,-0.161092858179211,0.380368663932439,NA
"48","LP001242","Male","","0","Not Graduate","No","Semiurban",-0.432876792472504,0.45994889848706,0.0187263365911617,-0.739562179882502,0.0823857181361598,"Y"
"49","LP001268","Male","","0","Graduate","No","Urban",NA,NA,NA,NA,NA,NA
"50","LP001270","Male","No","3+","Not Graduate","Yes","Semiurban",1.53396508848707,-1.24067376079784,1.19215186199583,0.891172580581947,0.0323434991871426,"Y"
"51","LP001284","Male","No","1","Graduate","No","Urban",-0.278703240427233,0.405441415384415,0.0657473777205134,-0.675436285132455,0.309064708807565,"Y"
"52","LP001287",NA,"No","3+","Not Graduate","No","Semiurban",-0.248798155996745,-0.165208978505252,0.393544718215171,-0.366129261594311,0.221817637010422,NA
"53","LP001291","Male","No","1","Graduate","No","Semiurban",0.724103929439879,0.747072143822073,-0.0234335692261021,-0.435836494046043,0.0944541909504097,"Y"
"54","LP001298","Male","No","2","Graduate","No","Urban",-2.59180017290842,1.92652456211652,1.33115383155266,3.2132300668681,-0.672501615343328,"Y"
"55","LP001312","Male","No","0","Not Graduate","Yes","Urban",-0.301675506735445,-0.925245147846302,0.82068367543179,0.0561091716619009,-0.342698079232959,"Y"
"56","LP001313","Male","","0","Graduate","No","Urban",-0.675208179375539,-1.14169815264476,-2.00757481856777,0.598986553195096,0.863483500151884,"N"
"57","LP001317","Female","","0","Not Graduate","No","Rural",-0.0952375298527085,-0.653391493689975,0.687263547366357,-0.071195432753082,0.335506627076847,"N"
"58","LP001321","Male","No","2","Graduate","No","Semiurban",-0.948253379869308,3.18622061526853,0.78631433564537,3.14504730877018,0.0097134431438249,"Y"
"59","LP001323","Female","No","2","Graduate","No","Semiurban",0.70003288532392,0.303148190263165,-2.68517694159188,0.449294906973749,0.4184970274983,"N"
"60","LP001324","Male","No","3+","Graduate","No","Semiurban",-1.98135437504456,1.54129818954763,1.61373879286385,3.55992365083075,0.156365787306128,"Y"
"61","LP001332","Male","No","0","Not Graduate","No","Semiurban",-0.436524390813611,0.383731347992837,0.0616669087678742,-0.708368032680258,0.139827058168947,"Y"
"62","LP001335","Male","No","0","Graduate","Yes","Urban",0.583300793100157,-1.131215547978,1.03061077974599,0.517442930757127,-0.466341392465919,"Y"
"63","LP001338","Female","","2","Graduate","No","Semiurban",0.723878806947265,-0.661063822275803,0.777091336091085,0.193738816439054,0.893393152789845,"Y"
"64","LP001347","Female","","0","Graduate","No","Rural",-0.747925939038136,-0.485545386211898,-2.38814975421258,0.290480179298778,0.363580122930788,"N"
"65","LP001348","Male","No","3+","Not Graduate","No","Urban",-0.129878291502587,-0.682716197128062,0.700364747388871,-0.0613827299470217,0.253694862506408,"N"
"66","LP001351","Male","No","0","Graduate","No","Semiurban",0.439826389891885,1.01974012472002,-0.208168148932201,-0.658576240433413,-0.155084538507563,"Y"
"67","LP001352","Male","No","0","Not Graduate","No","Semiurban",-0.119310747358297,-1.56166814119023,-1.71019737732726,1.0727912787204,0.427675407023088,"N"
"68","LP001358","Male","No","0","Graduate","No","Semiurban",-0.497448912493636,-1.2949169018737,-1.90169520341674,0.763910062856674,0.686964461338847,"N"
"69","LP001359","Male","No","0","Graduate","No","Semiurban",1.39108347473786,-1.25983094889825,1.18799546966005,0.829546374578528,0.184359243290657,"Y"
"70","LP001361","Male","No","0","Graduate","No","Rural",1.08625710920417,0.93257753580576,-3.00268032690104,0.298058038553587,0.255478322846926,"N"
"71","LP001366","Female","",NA,"Graduate","No","Semiurban",-0.789921974851075,-0.46889355640873,0.509626394161321,-0.422052937688602,0.211868391085859,NA
"72","LP001368","Male","","0","Graduate","No","Semiurban",-0.822564965161711,-0.795855939946351,0.692589761747421,-0.200626211329678,-0.452981392864731,"Y"
"73","LP001375","Male","No","1","Graduate",NA,"Urban",-2.18313782803955,4.00059406218925,1.77490602616267,5.82153624045713,0.675403027732053,NA
"74","LP001380","Male","No","0","Graduate","Yes","Rural",1.42343602046908,0.43694750259476,0.225627974637626,-0.112183812625348,1.1132725613225,"Y"
"75","LP001386","Male","No","0","Not Graduate","No","Semiurban",0.97722856254405,0.627548664881383,0.0714459821656671,-0.210321676851139,-0.54928424640858,"Y"
"76","LP001400","Male","","0","Graduate","No","Urban",0.770459681020127,0.851725545078091,-0.0780068145832361,-0.452459313361539,-0.0822965893491032,"Y"
"77","LP001407","Male","No","0","Graduate","No","Urban",0.778559788580693,0.603716712091285,0.0634779347380527,-0.401999490462843,0.673446712277888,"Y"
"78","LP001413","Male","","0","Graduate","Yes","Rural",-0.509839990038514,-1.24295716176268,0.980062992147385,0.21537361973413,-1.11215699481552,"N"
"79","LP001415","Male","No","1","Graduate","No","Semiurban",NA,NA,NA,NA,NA,NA
"80","LP001419","Female","No","0","Graduate","No","Urban",1.44086242993434,-1.32641093791113,1.23113932844543,0.892511699159658,0.088443261409699,"Y"
"81","LP001420","Male","No","3+","Graduate","No","Urban",0.23143661862591,-0.904681229660768,-2.0473393583148,0.850300899750538,0.685457851857722,"N"
"82","LP001428","Male","No","3+","Graduate","No","Urban",19.9583455451803,-15.2160568989891,11.0800921211881,16.6045487415126,-14.2324638952454,"Y"
"83","LP001445","Male","No","2","Not Graduate","No","Rural",0.903293918475809,-2.97233482924308,-2.38224592070141,-1.45952761788594,0.485870162401968,"N"
"84","LP001446","Male","No","0","Graduate","No","Rural",2.39142812742902,-1.29350924421295,1.31155338089786,1.17032806330531,0.817945726833249,"N"
"85","LP001450","Male","No","0","Graduate","No","Semiurban",-1.73770106765125,0.828374568751544,-0.867142886459755,4.65024958309594,0.819394001398358,"Y"
"86","LP001452","Male","No","2","Graduate","No","Rural",-0.027383072510691,4.55314747630154,0.106265475752943,3.0020964693802,-1.82925916438183,"N"
"87","LP001455","Male","No","0","Graduate","No","Urban",0.189930918233705,0.251250539544222,0.20266938107542,-0.392524211457209,0.0908540030854541,"Y"
"88","LP001466","Male","","0","Graduate","No","Semiurban",-0.836983421047147,-0.428329168123659,0.481594956481047,-0.465716140246487,0.258601489131325,"Y"
"89","LP001471","Male","","2","Not Graduate","No","Semiurban",-0.536406624458625,0.246576077042181,0.129625027147428,-0.607577261235295,-0.539893189310515,"Y"
"90","LP001472","Female","","0","Graduate",NA,"Rural",0.872624494213988,-0.659071542742696,0.791473672813977,0.239449154208202,1.00134910763995,NA
"91","LP001475","Male","No","0","Graduate","Yes","Rural",NA,NA,NA,NA,NA,NA
"92","LP001483","Male","No","3+","Graduate","No","Rural",5.20806751787914,-2.14702650403547,2.09190573705603,2.66765581167182,1.11216632800859,"N"
"93","LP001486","Male","No","1","Graduate","No","Semiurban",1.0982243481112,0.392057428214695,0.217563374772886,-0.134766137088296,0.327380587020734,"Y"
"94","LP001490","Male","No","2","Not Graduate","No","Semiurban",0.0332546147254731,-0.182252694803643,0.433237211819553,-0.167325497240355,-0.556056664442202,"Y"
"95","LP001496","Male","No","1","Graduate","No","Semiurban",0.256426850974165,-0.699505086975454,-2.16084721897061,0.860087889948218,-0.318889324039113,"N"
"96","LP001499","Female","No","3+","Graduate","No","Semiurban",0.151387129913452,-1.10270100721035,0.969099571078651,0.325429199406895,-0.374240679337906,"Y"
"97","LP001500","Male","No","1","Graduate","No","Urban",2.03672724321854,1.39125048412883,-0.252913072568581,-0.342130324645428,0.976728611452523,"Y"
"98","LP001501","Male","No","0","Graduate","No","Semiurban",0.535269051960122,0.771585705386818,-0.0569890466811185,-0.492316630773819,-0.189882447049584,"Y"
"99","LP001517","Male","No","3+","Graduate","No","Urban",0.476036748313772,-1.96252598471348,1.49306976108515,1.03776690300305,-1.83549141987199,"Y"
"100","LP001527","Male","No","3+","Graduate","No","Semiurban",NA,NA,NA,NA,NA,NA
"101","LP001534","Male","","0","Graduate","No","Rural",-0.0710194114202628,-0.662429556524481,0.694941813813955,-0.0571164923745492,0.334699646143796,"N"
"102","LP001542","Female","No","0","Graduate","No","Semiurban",NA,NA,NA,NA,NA,NA
"103","LP001547","Male","No","1","Graduate","No","Urban",-0.38339321077098,-0.570729881771717,0.610084426330283,-0.221077895286132,0.296261498666472,"N"
"104","LP001548","Male","No","2","Not Graduate","No","Rural",-2.95851948041016,1.91009583778336,1.30158075754989,2.98893513523068,0.197026504168921,"N"
"105","LP001558","Male","","0","Graduate","No","Semiurban",NA,NA,NA,NA,NA,NA
"106","LP001561","Female","No","0","Graduate","No","Semiurban",0.748685619166859,0.180385903193731,0.300926540412914,-0.240729697601415,1.07226878596854,"Y"
"107","LP001563",NA,"","0","Graduate","No","Urban",-0.69160959324034,-0.255878234617849,-2.51300838691908,0.176659730211216,0.552784281490007,NA
"108","LP001567","Male","No","3+","Graduate","No","Rural",-0.181144020558688,-0.697711089487184,0.703563537361287,-0.0669945280445622,0.188392072788987,"N"
"109","LP001568","Male","No","0","Graduate","No","Semiurban",0.0441246252825044,-0.655147751977438,0.702803614301738,-0.0258006345561777,0.429538477606542,"N"
"110","LP001573","Male","No","0","Not Graduate","No","Urban",0.646005589242529,-0.109528577006943,0.455508734138368,-0.0602070348044373,0.358203539037541,"Y"
"111","LP001584","Female","","0","Graduate","Yes","Semiurban",-0.259729165136386,-0.772014541387911,0.737718154321346,-0.0392201010625699,-0.0124770814475081,"Y"
"112","LP001587","Male","No",NA,"Graduate","No","Semiurban",-0.599981755983688,-0.656284875748882,0.636255186907512,-0.229047205489422,-0.0232309480174638,NA
"113","LP001589","Female","","0","Graduate","No","Urban",-0.667200823290701,-0.491816066597188,0.535495166384234,-0.366926257582856,0.252698638371462,"Y"
"114","LP001591","Female","No","2","Graduate","No","Semiurban",0.215254088181255,0.917472733679984,-0.173431255130718,-0.679624040316694,-0.296375758714838,"Y"
"115","LP001599","Male","No","0","Graduate","No","Rural",1.28010886039875,1.22246404618486,-0.235262719381496,-0.395832831648811,-0.525630348497076,"Y"
"116","LP001601","Male","","3+","Graduate","No","Semiurban",NA,NA,NA,NA,NA,NA
"117","LP001607","Female","","0","Not Graduate","No","Semiurban",-0.245165176636481,1.06955505566779,-0.309263129150851,-1.12922238019843,1.57517424264205,"Y"
"118","LP001611","Male","No","1","Graduate","No","Rural",NA,NA,NA,NA,NA,NA
"119","LP001613","Female","","0","Graduate","No","Urban",-0.612380807713291,0.0140249061698481,-2.65797235561296,0.118944074196774,0.0887609594750345,"N"
"120","LP001622","Male","No","2","Graduate","No","Rural",0.56193418668155,0.772471954635483,-2.96720372520622,0.0544204578559603,1.42183311255665,"N"
"121","LP001627","Male","","0","Graduate","No","Urban",-1.16478352500054,-0.50088229035165,0.488752459485431,-0.518133629929953,-0.113150495121072,"Y"
"122","LP001650","Male","No","0","Graduate","No","Rural",0.432455182869858,1.24602244255742,-0.337768820576236,-0.794964089887212,0.0292572845118385,"N"
"123","LP001651","Male","No","3+","Graduate","No","Urban",0.0513604916084115,0.167467247163252,0.235727001391353,-0.419789020471961,0.242924714410201,"Y"
"124","LP001652","Male","","0","Graduate","No","Rural",1.38640335116495,1.40718378801239,-3.24100419429146,0.213489554576531,-0.118861966932541,"N"
"125","LP001655","Female","","0","Graduate","No","Urban",3.76158286579833,-2.95374212449096,-0.511838559974277,3.28903143492261,0.4088164558983,"Y"
"126","LP001660","Male","","0","Graduate","No","Semiurban",-0.14175563624241,-0.731661718812733,0.727024631941516,-0.0304503259037234,0.14927850159876,"Y"
"127","LP001662","Male","","0","Graduate","No","Urban",-0.390426680402432,-2.08552527970223,-1.43988257996608,1.35823916400205,-0.790598955801496,"N"
"128","LP001663","Male","No","2","Graduate","No","Urban",1.78295378038229,-1.14780980293038,1.1650252998457,0.874284280242169,0.678425383932187,"Y"
"129","LP001667","Male","","0","Graduate","No","Urban",-2.63119911156771,1.86469618113146,1.36160639772093,3.12481173426579,0.336833201811797,"Y"
"130","LP001695","Male","No","1","Not Graduate","No","Semiurban",NA,NA,NA,NA,NA,NA
"131","LP001703","Male","No","0","Graduate","No","Urban",-0.145361713876306,0.041744656922922,0.286668875458445,-0.427723338804244,0.194362524545963,"Y"
"132","LP001718","Male","","0","Graduate","No","Rural",-0.330960351269535,-0.426538079224672,0.5333650407899,-0.306677867440639,0.616069143083096,"N"
"133","LP001728","Male","No","1","Graduate","Yes","Rural",-0.303202584083044,0.0935044508027189,0.240866752440929,-0.4848356073069,-0.100508488734192,"N"
"134","LP001735","Female","","1","Graduate","No","Urban",-0.752435954830887,-0.560387594066329,0.565688819324254,-0.345321630962304,0.0584330740761739,"Y"
"135","LP001737","Male","","0","Graduate","No","Urban",-3.05098977924131,2.9363691385814,1.97320775031702,5.31715153850483,0.457223679499413,"Y"
"136","LP001739","Male","No","0","Graduate","No","Urban",-0.18921663670633,-0.631569794507755,0.665020760748525,-0.116436333172181,0.312619203520256,"N"
"137","LP001742","Male","No","2","Graduate","No","Rural",0.124132399045357,-0.641253670624554,0.703230809934402,-0.0103030567719911,0.512784091052975,"N"
"138","LP001757","Male","No","1","Graduate","No","Rural",-0.14808823474187,0.938862374683193,-0.223849144755662,-0.866301646869019,0.0370340219827117,"N"
"139","LP001769",NA,"",NA,"Graduate","No","Semiurban",-0.309973650054344,0.00653326452250752,0.289552625060694,-0.457307934481441,0.0332460985956453,NA
"140","LP001771","Female","","3+","Graduate","No","Semiurban",NA,NA,NA,NA,NA,NA
"141","LP001785","Male","","0","Graduate","No","Rural",0.059040237825345,-1.53784749278334,-1.70516864932436,1.11240747434757,0.599201290238586,"N"
"142","LP001787","Male","No","3+","Graduate","No","Rural",-1.09156653367324,2.25243143907418,0.511850287194069,1.76877484714292,-0.242186820605254,"N"
"143","LP001789","Male","No","3+","Not Graduate",NA,"Urban",0.583332360137424,-1.81939577756742,-1.4896302360581,1.54131448543702,-0.198493390386478,NA
"144","LP001791","Male","No","0","Graduate","Yes","Semiurban",NA,NA,NA,NA,NA,NA
"145","LP001794","Male","No","2","Graduate","Yes","Rural",0.130204864832568,2.70640704708114,3.38585345295412,8.80170206485863,0.963123288060533,"N"
"146","LP001797","Female","","0","Graduate","No","Urban",1.81394394836426,-1.71479361730928,2.28284633953885,3.21412660178848,-1.46964830210949,"Y"
"147","LP001815","Male","","0","Not Graduate","No","Semiurban",-0.840420397719196,-0.484549824663805,0.513282218443742,-0.426952835744438,0.145803648682914,"Y"
"148","LP001817","Male","","0","Not Graduate","Yes","Rural",1.63603112196739,-2.31713244408186,-1.0964554743698,2.16439537410944,0.172079291815943,"N"
"149","LP001818","Male","No","1","Graduate","No","Semiurban",0.259371508999525,-0.44436082512918,0.605597670591915,-0.0211565429741152,0.163495450024912,"N"
"150","LP001822","Male","","0","Graduate","No","Urban",0.516497666000792,-0.943941149108176,0.916696571779055,0.328558781740546,0.192882862618865,"Y"
"151","LP001827","Male","","0","Graduate","No","Urban",1.12611032486496,1.33861722142747,-0.317838394049054,-0.580249895637141,0.110170296766306,"Y"
"152","LP001831","Male","No","0","Graduate","No","Urban",-0.369014602166513,0.210199384262712,0.167443234466396,-0.59570988995604,0.153253666043822,"Y"
"153","LP001842","Male","","0","Graduate","No","Rural",0.263446445674718,-0.749498117851898,0.779464222882669,0.11056088986224,0.39768420729134,"N"
"154","LP001853","Male","No","1","Not Graduate","No","Urban",-0.354825809276539,-0.228288715238026,-2.49319175325017,0.335654166161671,0.147551466112457,"N"
"155","LP001855","Male","No","2","Graduate","No","Rural",-0.642295849502879,-0.868381642331228,0.752736107220669,-0.092107028096083,-0.469297596993421,"N"
"156","LP001857","Male","","0","Not Graduate","Yes","Semiurban",-0.804153752516124,1.6542799807646,0.0910182341745336,0.292835093492246,0.448872178725958,"Y"
"157","LP001862","Male","No","2","Graduate","Yes","Urban",1.80076914441687,1.12368069330775,-0.124983195348638,-0.221705166408137,0.23300528797829,"Y"
"158","LP001867","Male","No","0","Graduate","No","Rural",0.364016237042819,0.348338512999329,0.297645846061025,-0.0400505465016084,-0.206013252948591,"N"
"159","LP001878","Male","","1","Graduate","No","Semiurban",1.50091505167666,0.0851417047365537,0.434536145842116,0.213837150718772,-0.0271914027543891,"Y"
"160","LP001881","Male","No","0","Not Graduate","No","Rural",0.946748507244264,-1.3976502012693,1.22019719229936,0.786474731689953,-0.397061286700961,"N"
"161","LP001886","Male","","0","Graduate","No","Rural",1.72136513089708,1.13863199300206,-0.141782503440187,-0.25626094610555,0.195239220982043,"Y"
"162","LP001906","Male","","0","Graduate",NA,"Semiurban",-1.14623904174128,-1.28018026306545,-1.97778032337354,0.547927530731087,0.262088272603191,NA
"163","LP001909","Male","","0","Graduate","No","Urban",0.0468097919561571,-0.941541300768942,0.866328329472785,0.178060728096276,-0.130939973683927,"Y"
"164","LP001911","Female","","0","Graduate","No","Rural",-1.27143908512968,-0.408951040814288,0.42522469039481,-0.617087735726899,-0.00723907183325013,"N"
"165","LP001921","Male","","1","Graduate","No","Rural",NA,NA,NA,NA,NA,NA
"166","LP001923","Male","","0","Not Graduate","No","Semiurban",-0.341301428266029,-0.956042341440527,-2.07856387980755,0.573165533832758,1.46159311798663,"N"
"167","LP001933","Male","","2","Not Graduate","No","Urban",-0.737491088935288,-0.058196186724177,-2.63029933947061,0.0527764689678543,0.611173143841734,"N"
"168","LP001943","Male","No","0","Graduate","No","Urban",0.341903551190805,0.831825011779253,-0.11155480647897,-0.606215912009625,-0.110713398943098,"Y"
"169","LP001950","Female","No","3+","Graduate",NA,"Semiurban",-0.667925424752549,0.0966641614996857,-2.71068876699713,0.074985046659087,-0.0994046073836197,NA
"170","LP001959","Female","No","1","Graduate","No","Rural",-0.89248550530051,-0.569875467086895,0.556486204781413,-0.382963768258799,-0.0581583445432034,"N"
"171","LP001961","Female","","0","Graduate","No","Rural",-0.437392484996101,-0.595205236382995,0.618401910535227,-0.220835432594475,0.210431014687433,"N"
"172","LP001973","Male","No","2","Not Graduate","No","Rural",-0.0745202627772638,-0.671248642880685,0.699603473736478,-0.0519741316270564,0.314933904567702,"N"
"173","LP001975","Male","No","0","Graduate","No","Rural",0.263845999942567,-0.809025653871804,0.813436656395387,0.152883694572812,0.281076603415309,"N"
"174","LP001979","Male","","0","Graduate","No","Urban",-1.13188488830628,2.25714528965174,-1.61640876637416,4.17011302970858,0.753294325929563,"N"
"175","LP001995","Male","No","0","Not Graduate","No","Rural",-0.567120675990828,-0.435555322122894,-2.39756417809829,0.350648104994386,0.217552973427082,"N"
"176","LP001999","Male","No","2","Graduate",NA,"Rural",1.43848184318065,1.00625975749419,-0.0955988796573441,-0.209170402053924,-0.677224992137673,NA
"177","LP002007","Male","No","2","Not Graduate","No","Urban",0.195708197845729,1.00498692172141,-0.225396352810765,-0.755395925374847,-0.0652337168843212,"Y"
"178","LP002009","Female","","0","Graduate","No","Rural",NA,NA,NA,NA,NA,NA
"179","LP002016","Male","No","2","Graduate","No","Rural",0.239036433197898,-0.787641166569348,0.798659213705242,0.129865593224362,0.305713073580582,"N"
"180","LP002017","Male","No","3+","Graduate","No","Urban",NA,NA,NA,NA,NA,NA
"181","LP002018","Male","No","2","Graduate","No","Semiurban",0.738976359956999,0.480935229667463,0.129513969738182,-0.295768130100468,0.09771873526546,"Y"
"182","LP002027","Male","No","0","Graduate","No","Semiurban",0.964227294423374,0.524140672586165,0.128598838418769,-0.217548888753112,-0.0224338169426777,"Y"
"183","LP002028","Male","No","2","Graduate","No","Urban",-0.33508499326551,-0.683388689176628,0.679339818535822,-0.125915427033855,0.108837323284246,"N"
"184","LP002042","Female","No","1","Graduate","No","Rural",1.19362248306068,0.974421768946285,-0.103469737345814,-0.347648786639739,-0.103680566490082,"N"
"185","LP002045","Male","No","3+","Graduate","No","Urban",NA,NA,NA,NA,NA,NA
"186","LP002046","Male","No","0","Not Graduate","No","Semiurban",NA,NA,NA,NA,NA,NA
"187","LP002047","Male","No","2","Not Graduate","No","Semiurban",0.435898796477686,-0.200473497679011,0.485315194586407,-0.0821830829873086,0.224938897932493,"Y"
"188","LP002056","Male","No","2","Graduate","No","Semiurban",2.32361707183075,-1.49546565480087,1.41959431091341,1.29200280025061,0.373955979932883,"Y"
"189","LP002057","Male","No","0","Not Graduate","No","Rural",NA,NA,NA,NA,NA,NA
"190","LP002059","Male","No","2","Graduate","No","Rural",4.05899967258015,0.462456711522289,0.487316104917333,0.928997235890132,0.83738110016634,"Y"
"191","LP002062","Female","No","1","Graduate","No","Rural",-2.40576437603562,2.96021498360088,2.02692892815617,5.50465548762335,0.955366225531291,"N"
"192","LP002064","Male","","0","Graduate","No","Urban",-0.565436941355997,-0.650550728086773,0.636590615520084,-0.222168086425155,0.0121917592310709,"N"
"193","LP002069","Male","No","2","Not Graduate",NA,"Rural",0.830230741563127,-0.189807154972766,-2.39111989455937,0.749911531600745,0.412650331028491,NA
"194","LP002070","Male","No","3+","Not Graduate","No","Rural",-0.263442114955068,-0.382923215008426,-2.39576224505397,0.43086293936516,0.327138910943382,"N"
"195","LP002077","Male","No","1","Graduate","No","Semiurban",5.17794040510204,-0.329361529962073,1.05451950434711,1.69182073043901,1.54440118795853,"Y"
"196","LP002083","Male","","0","Graduate","Yes","Urban",0.110751974287777,-0.996655958764963,0.904414521973157,0.237385731571664,-0.194436030810919,"Y"
"197","LP002090","Male","No","1","Graduate","No","Semiurban",-0.334780270631513,-1.62451441391935,-1.69685386630511,1.04907934670238,0.153556080747024,"N"
"198","LP002096","Male","No","0","Not Graduate","No","Rural",-0.513328155000105,0.440235484437103,0.0213647212037191,-0.787243952690511,0.337209211163908,"N"
"199","LP002099","Male","No","2","Graduate","No","Urban",-0.865217740821615,-0.88719538849759,-2.17198887726892,0.442221522314776,0.419504162348331,"N"
"200","LP002102","Male","No","0","Graduate","Yes","Rural",-0.883817911371471,0.350046376400962,0.0340138024742996,-0.859606902393667,0.083978338167451,"N"
"201","LP002105","Male","No","0","Graduate","Yes","Rural",1.76098075956231,-3.20870607777044,0.754632338248604,-1.52803969029105,-1.27081413964556,"N"
"202","LP002107","Male","No","3+","Not Graduate","No","Urban",-0.823536900287421,-0.190567215873566,0.347841452761762,-0.565082314647859,0.10707390334171,"Y"
"203","LP002111","Male","No",NA,"Graduate","No","Urban",NA,NA,NA,NA,NA,NA
"204","LP002117","Female","No","0","Graduate","No","Semiurban",-0.119019730628286,0.458108837797516,0.0528390624275237,-0.582299482151309,-0.248408919599876,"Y"
"205","LP002118","Female","","0","Graduate","No","Semiurban",-1.05529892350644,0.214403888798189,0.0932433220689958,-0.852513080291811,0.0335932304561303,"Y"
"206","LP002123","Male","No","0","Graduate","No","Semiurban",-0.0773419917462,0.624212226174782,-0.0374627656457282,-0.681688898255756,0.0570941045242084,"Y"
"207","LP002125","Male","No","1","Graduate","No","Semiurban",1.29650381798369,0.301749969554814,0.289792209250931,0.00403975110805913,0.172916443101939,"Y"
"208","LP002148","Male","No","1","Graduate","No","Semiurban",-0.00312904541649633,0.073103357785196,0.283505811985427,-0.427288634386235,0.572027899373999,"Y"
"209","LP002152","Female","","0","Graduate","No","Urban",-0.715061918001503,-0.710968250479866,0.655418988459901,-0.226742119553237,-0.211101878352526,"Y"
"210","LP002165",NA,"","1","Not Graduate","No","Rural",-0.117282409816928,1.30289394839668,-0.427384991029625,-0.982607090208281,-0.50305774128284,NA
"211","LP002167","Female","","0","Graduate","No","Urban",-1.47423188513786,-0.352521041794772,0.371903120499061,-0.721332937371388,-0.0382828336929696,"Y"
"212","LP002168","Male","","0","Graduate","No","Rural",1.33708682438323,-0.681414422173141,-2.05837322543661,1.19764108000355,0.394922259274346,"N"
"213","LP002172","Male","No","3+","Graduate","Yes","Semiurban",0.384521001668329,-0.83018449500439,0.838086670458288,0.206111974567346,0.323938724528976,"Y"
"214","LP002176","Male","","0","Graduate","No","Rural",0.467390069970108,-0.901613091767232,0.88744637593877,0.282997179071448,0.241647834492395,"N"
"215","LP002183","Male","No","0","Not Graduate","No","Rural",NA,NA,NA,NA,NA,NA
"216","LP002184","Male","No","0","Not Graduate","No","Urban",-0.261133709118886,1.28631904807504,0.357173328336913,0.684494733987392,0.504635256758502,"Y"
"217","LP002186","Male","No","0","Not Graduate","No","Semiurban",-2.80927003556082,4.81950654837307,1.55983041278664,5.89573543711529,0.63174837976987,"Y"
"218","LP002192","Male","No","0","Graduate","No","Rural",2.22046741690258,-0.436118924255454,0.806487634932282,0.769849456822909,-0.146647930755103,"N"
"219","LP002195","Male","No","1","Graduate","Yes","Rural",1.33655495249928,0.87509457457846,-0.032464102644771,-0.324058018022734,0.691991743606882,"Y"
"220","LP002208","Male","No","1","Graduate","No","Urban",0.171669308974843,0.274998982278632,0.187378417490335,-0.388556020637141,-0.132429816517709,"Y"
"221","LP002212","Male","No","0","Graduate","No","Urban",NA,NA,NA,NA,NA,NA
"222","LP002240","Male","No","0","Not Graduate","No","Rural",0.389471563564009,0.387852797788682,0.145793625782544,-0.396079883510104,0.207924358373405,"Y"
"223","LP002245","Male","No","2","Not Graduate","No","Urban",-0.045066652875941,-1.98341775135446,-0.132199557990697,-2.96874308219581,-0.128148225800012,"Y"
"224","LP002253","Female","","1","Graduate","No","Rural",-0.17839850606682,0.0261696816226969,1.08264395259218,1.34886767162507,0.555277895289475,"N"
"225","LP002256","Female","","2","Graduate","Yes","Semiurban",0.598824779874052,-1.56515694330625,-1.63328905537531,1.30276934898842,0.923143026027306,"N"
"226","LP002257","Female","","0","Graduate","No","Urban",-1.2102622503148,-0.355152464918604,0.400941744412279,-0.635842180841755,0.141190431844677,"Y"
"227","LP002264","Male","No","0","Graduate","No","Urban",-0.481864248562549,0.354873696443873,0.0734176324090842,-0.696646963973749,-0.00299139151892153,"Y"
"228","LP002270","Male","No","1","Graduate","No","Rural",0.19018163747106,0.913779577211283,-0.173661267110949,-0.635486567960095,-0.799542362463201,"N"
"229","LP002279","Male","","0","Graduate","No","Rural",0.0289352356464565,0.807871074396004,-0.130831449445425,-0.737727085426654,0.100556411971677,"Y"
"230","LP002286","Male","No","3+","Not Graduate","No","Urban",-0.110838576942805,-1.68733697218957,-1.63768216720178,1.16455588855859,0.186840672415788,"N"
"231","LP002294","Male","","0","Graduate","No","Semiurban",5.92662655560892,2.41424840180168,-0.42320574298546,1.39944079627385,-6.23222549399075,"Y"
"232","LP002298",NA,"","0","Graduate","Yes","Urban",0.288505009913372,0.811465183327357,-0.10564211001185,-0.630138184463317,0.0192928905582014,NA
"233","LP002306","Male","No","0","Graduate","No","Rural",-3.2308741642742,2.7918345004473,0.771658333776177,2.468534617821,-0.108442079822762,"N"
"234","LP002310","Female","","1","Graduate","No","Semiurban",0.288382951820741,-1.43384321183358,1.17214305982522,0.603560303732779,-0.928639694400837,"Y"
"235","LP002311","Female","No","0","Graduate","No","Urban",-0.555692912791258,0.453568281933612,0.00947301851596438,-0.787600450003029,0.11599602301238,"Y"
"236","LP002316","Male","","0","Graduate","No","Urban",0.355332326624195,0.0936257991786403,-2.60231460694549,0.382024414513028,0.796859026664063,"N"
"237","LP002321","Female","","0","Graduate","No","Semiurban",0.252049103270811,0.871559359178928,-3.05485689545365,0.0897291510471476,-0.570623389059792,"N"
"238","LP002325","Male","No","2","Not Graduate","No","Rural",3.24947253990634,4.09209419509118,-1.65923024844859,-0.700781467283153,-4.20329608477955,"N"
"239","LP002326","Male","No","2","Not Graduate","No","Semiurban",-0.586167774566752,0.129392128592831,0.190613815889947,-0.648661845692847,0.243460081092973,"Y"
"240","LP002329","Male","","0","Graduate","No","Urban",0.162457463640503,-2.32800496822136,0.0858654852361122,-2.65873811778765,-0.659614789058826,"Y"
"241","LP002333","Male","","0","Not Graduate","No","Urban",-0.523698529969929,-0.579997296160298,0.60072946701744,-0.258957332596528,0.179924064275603,"N"
"242","LP002339","Male","No","0","Graduate","No","Semiurban",-0.321505104004928,-0.878929363989111,-2.11942249856994,0.706457209169083,-0.130280981462649,"N"
"243","LP002344","Male","No","0","Graduate","No","Semiurban",-0.41883479535839,-0.19904240371922,0.395087281919228,-0.39661271673433,0.0422380375757657,"Y"
"244","LP002346","Male","No","0","Graduate",NA,"Rural",-0.394711477915272,-0.472646555135664,-2.35851430669332,0.417666849116402,0.399679979600215,NA
"245","LP002354","Female","","0","Not Graduate","No","Semiurban",-1.43658577342102,-0.278440271756552,0.333604455676393,-0.761918983765187,0.13351321900769,"Y"
"246","LP002355",NA,"No","0","Graduate","No","Semiurban",-1.12258128096021,2.31337240738386,-1.64728386478528,4.1691328765392,0.522718902742365,NA
"247","LP002358","Male","No","2","Graduate","Yes","Urban",0.784094700654615,0.0584073956077925,0.374745622819057,-0.0377748669852045,-0.160622273801942,"Y"
"248","LP002360","Male","No",NA,"Graduate","No","Urban",NA,NA,NA,NA,NA,NA
"249","LP002375","Male","No","0","Not Graduate","Yes","Semiurban",-0.966994386377602,-0.683202320079326,0.613309453399124,-0.326236158241939,-0.332801824532936,"N"
"250","LP002376","Male","","0","Graduate","No","Rural",-3.01194334249168,1.83777799572418,1.337228533335,3.0232731417047,0.0176559528605489,"N"
"251","LP002383","Male","No","3+","Graduate","No","Urban",0.695059992748558,-2.62694132477415,-2.60054771867197,-1.7179921417203,0.512247048646978,"N"
"252","LP002385","Male","No",NA,"Graduate","No","Semiurban",-1.42229913375126,0.127740342666403,0.894978281663465,0.882801900913783,-0.115357915101974,NA
"253","LP002389","Female","","1","Graduate","No","Semiurban",-0.17946535265469,-0.56895509656323,0.630347631333324,-0.157731698268807,0.442388959031174,"N"
"254","LP002394","Male","No","2","Graduate","No","Urban",-0.074230772977845,-0.206379875748521,0.435354398587184,-0.258647629459809,0.0406875914228958,"Y"
"255","LP002397","Female","No","1","Graduate","No","Urban",-0.0885386827432598,0.0537148050207836,0.285987958539436,-0.380481248558818,-0.107250807426723,"Y"
"256","LP002399","Male","","0","Graduate",NA,"Rural",-0.727592930371132,-1.17940176625193,-1.99154877904028,0.609117376912277,0.752807590026591,NA
"257","LP002400","Female","No","0","Graduate","No","Rural",-0.675097851552104,-0.603375545149543,0.598260311229618,-0.290348848634363,0.0281188943886721,"N"
"258","LP002402","Male","No","0","Graduate","No","Urban",0.959701884541114,1.2333652933743,-0.275219575348177,-0.560874997778305,-0.188574639960057,"Y"
"259","LP002412","Male","No","0","Graduate","No","Rural",0.644065800522415,1.07840707261452,-0.220204556474063,-0.618452998524705,-0.0615052093648547,"N"
"260","LP002415","Female","","1","Graduate",NA,"Rural",NA,NA,NA,NA,NA,NA
"261","LP002417","Male","No","3+","Not Graduate","No","Semiurban",0.563488870565649,0.754998451671056,-0.0450189330968687,-0.547189745862404,0.528172501734228,"Y"
"262","LP002420","Male","No","0","Graduate","No","Semiurban",-0.330802644262944,0.195262689768629,0.180007497776507,-0.561758637728524,0.0417725486637175,"Y"
"263","LP002425","Male","","0","Graduate","No","Rural",NA,NA,NA,NA,NA,NA
"264","LP002433","Male","No","1","Graduate","No","Rural",4.78623830863966,-3.62994687074759,2.89316424319028,3.58519189503685,-2.09472569291702,"N"
"265","LP002440","Male","No","2","Graduate","No","Rural",0.419496458686156,0.179677577705547,0.266874076556184,-0.364515163311834,1.03405403039162,"Y"
"266","LP002441","Male","",NA,"Graduate","No","Semiurban",NA,NA,NA,NA,NA,NA
"267","LP002442","Female","No","1","Not Graduate","No","Urban",0.725156503865335,-2.45979084668438,-2.69202959126066,-1.71160988274046,-0.253929179012372,"N"
"268","LP002445","Female","","1","Not Graduate","No","Rural",0.437619812521304,0.768518850614425,-0.065207429991769,-0.48215463680375,-0.640654680581808,"Y"
"269","LP002450","Male","No","2","Graduate","No","Rural",-0.640112851655389,-1.70377537144292,-1.68301943893675,1.09835738577461,-1.08437558156389,"N"
"270","LP002471","Male","","0","Graduate","No","Rural",-0.678214914820356,-0.517832408401833,0.549175456611799,-0.351973775368181,0.193909382100194,"N"
"271","LP002476","Female","No","3+","Not Graduate","No","Urban",-0.59559105153377,0.802205277990244,-0.192967111618977,-0.968807120107485,0.0128211669162175,"Y"
"272","LP002482","Female","","0","Graduate","Yes","Rural",1.46855251784606,1.19850639681814,-0.202516701940012,-0.41951372026276,0.529792643173414,"Y"
"273","LP002485","Male","","1","Graduate","No","Semiurban",6.37843072103422,-4.93130972888858,3.80104820577428,5.01207171594912,-3.53635635918489,"Y"
"274","LP002495","Male","No","2","Graduate","No","Semiurban",0.171989754421122,-1.62146492886009,-1.64542422356014,1.26015837614005,0.00436588485808449,"N"
"275","LP002496","Female","","0","Graduate","No","Semiurban",-0.894850183161065,-1.37849740216194,-1.8955132471775,0.69725973501687,0.244875031046397,"N"
"276","LP002523","Male","No","3+","Graduate","No","Semiurban",-0.419298102553104,0.217697247633091,0.15795145825023,-0.612044236289243,0.0853140139349402,"Y"
"277","LP002542","Male","No","0","Graduate",NA,"Urban",0.601380811799948,-1.08812554088681,1.00773726609481,0.457655151980745,-0.0308610574400002,NA
"278","LP002550","Female","","0","Graduate","No","Semiurban",-1.48445933865865,1.34973445989028,1.77476901554588,3.85313015908258,0.127780941448223,"Y"
"279","LP002551","Male","No","3+","Not Graduate",NA,"Semiurban",0.285792431471818,-0.907522669036148,-2.04018016577516,0.846420515874502,0.941450601912884,NA
"280","LP002553",NA,"","0","Graduate","No","Semiurban",6.86750756005423,-6.00388173271739,4.46343831356699,5.92730609410886,-5.30034011484382,NA
"281","LP002554","Male","","0","Graduate","No","Semiurban",-0.28583529146325,0.587154231403318,-0.0383353701675188,-0.764585866112037,0.25547924114079,"Y"
"282","LP002561","Male","No","0","Graduate","No","Rural",0.0119934424200383,-0.793165230675246,0.778121608037153,0.0618542168262245,0.136055136459693,"N"
"283","LP002566","Female","","0","Graduate","No","Urban",NA,NA,NA,NA,NA,NA
"284","LP002568","Male","","0","Not Graduate","No","Rural",0.989349631861465,-1.68293923367036,1.38725657625301,1.00219851369861,-0.927450699541563,"N"
"285","LP002570","Female","No","2","Graduate","No","Urban",7.7894243666429,3.09745765770109,-0.620228775540609,1.1650305560851,-0.29698241142445,"Y"
"286","LP002572","Male","No","1","Graduate",NA,"Urban",2.92560179360116,-1.28047254185225,1.35985027456925,1.33031295482788,1.21718569374625,NA
"287","LP002581","Male","No","0","Not Graduate","No","Rural",NA,NA,NA,NA,NA,NA
"288","LP002584","Male","","0","Graduate",NA,"Rural",0.00795716428158155,1.44812510581018,-0.496883832045824,-1.00755421128387,-0.500938214328001,NA
"289","LP002592","Male","","0","Graduate","No","Urban",0.179090603513315,-0.759644402461052,0.77644716615998,0.0910292118417266,0.318756325729542,"Y"
"290","LP002593","Male","No","1","Graduate","No","Urban",NA,NA,NA,NA,NA,NA
"291","LP002599","Male","No","0","Graduate","No","Semiurban",0.633598597970492,0.330363320870955,0.203917172558438,-0.298109344750107,0.460394160469279,"Y"
"292","LP002604","Male","No","2","Graduate","No","Urban",0.411156002794547,0.700368893159595,-0.0296268230350039,-0.531094963268643,0.0664740373859458,"Y"
"293","LP002605","Male","","0","Not Graduate","No","Rural",-0.841699241365828,-0.483447531503884,0.512520494593735,-0.428139335813945,0.147073569825454,"N"
"294","LP002609","Female","No","0","Graduate","No","Urban",-0.825802239946542,-0.370526227617442,-2.46149556705228,0.244159390296492,-0.0441923024709854,"N"
"295","LP002610","Male","No","1","Not Graduate",NA,"Urban",-0.196166432665366,0.870065006597591,-0.189894924499407,-0.875880654446355,0.285302781616129,NA
"296","LP002612","Female","No","0","Graduate","No","Semiurban",-0.0581747327565439,-1.92477279093934,-0.166994743300945,-3.01446632665934,-0.0221629312737897,"N"
"297","LP002614",NA,"","0","Graduate","No","Semiurban",0.184285348974381,-1.15473072651228,1.00218867504393,0.372732723070522,-0.453393702137338,NA
"298","LP002630","Male","","0","Not Graduate",NA,"Rural",-0.784359207480362,-0.61572789823222,0.593902440451869,-0.316206806132999,-0.0725615743297568,NA
"299","LP002635","Female","No","2","Not Graduate","No","Semiurban",-0.415955750249012,-0.530826128305757,0.58394215383755,-0.259679557993744,0.35183901646219,"N"
"300","LP002639","Male","No","2","Graduate","No","Rural",-0.190223675455019,-0.595191896999859,0.644180266330891,-0.14254191604023,0.383345718531398,"N"
"301","LP002644","Male","No","1","Graduate","Yes","Urban",0.068501485464022,-1.44554011763503,1.15587110771717,0.542193327723884,-1.10540918991995,"Y"
"302","LP002651","Male","No","1","Graduate",NA,"Urban",0.17562239990285,-1.93425064001174,-1.46705602480011,1.43033190412832,-0.0976216635131342,NA
"303","LP002654","Female","",NA,"Graduate","Yes","Rural",3.14926952247579,-2.89365728130069,2.30270125136571,2.54468037951723,-1.79398159853964,NA
"304","LP002657",NA,"No","1","Not Graduate","Yes","Rural",-1.29561728822096,0.85706227571804,-0.297482811205926,-1.26766533483549,0.000383300048071626,NA
"305","LP002711","Male","No","0","Graduate","No","Semiurban",-0.783868364115513,-0.0637975375417265,0.27982839124266,-0.623453603232312,0.200732337119196,"Y"
"306","LP002712","Male","","2","Not Graduate","No","Semiurban",NA,NA,NA,NA,NA,NA
"307","LP002721","Male","No","2","Graduate","Yes","Rural",1.30290713780518,-1.23117429104768,1.16246212604971,0.78129881353705,0.178951703253589,"N"
"308","LP002735","Male","No","2","Not Graduate","No","Rural",-0.336987087572083,-0.551546275404897,0.603991085727838,-0.219974797452721,0.366389988725545,"N"
"309","LP002744","Male","No","1","Graduate","No","Rural",0.890239924221246,-1.12404695851708,1.05834781940071,0.574628570800943,0.100654217157167,"N"
"310","LP002745","Male","No","0","Graduate","No","Semiurban",0.830269669225191,1.24803551267847,-0.296804771000377,-0.562935337460194,-0.727522078852771,"Y"
"311","LP002746","Male","","0","Graduate","No","Urban",0.33232814471711,-0.820706997059597,0.827239452715613,0.182859154543871,0.306040929047491,"Y"
"312","LP002747","Female","","3+","Graduate","No","Rural",0.701067362538848,0.945373291134182,-3.05004550014877,0.186960373262392,-0.182262783232785,"N"
"313","LP002754","Male","",NA,"Graduate","No","Urban",-2.82116381651427,4.18682678671308,1.28585450458946,4.75603303244185,0.631661998428532,NA
"314","LP002759","Male","No","2","Graduate","No","Rural",0.27487612764084,-0.7475132490872,0.779525250830193,0.112774829545695,0.409576437783687,"N"
"315","LP002760","Female","","0","Graduate","No","Urban",-0.715353285934802,0.275935972277525,0.884258972384826,1.00171323932037,0.670127322345035,"Y"
"316","LP002766","Female","No","0","Graduate","No","Semiurban",-0.11925890495958,1.32439464618167,1.93223483083274,4.40885976350967,0.0148040795206935,"Y"
"317","LP002769","Female","No","0","Graduate","No","Rural",-0.239970828303778,-0.647005604130845,0.668524240260945,-0.121573531241919,0.246808445345819,"N"
"318","LP002774","Male","No","0","Not Graduate","No","Urban",-0.997358954445745,0.0411049844864203,-2.71341201356208,0.00581215432027604,-0.398389717602146,"N"
"319","LP002775",NA,"","0","Not Graduate","No","Rural",-0.0587745847498265,-0.744003696819637,0.742716593449284,0.00458667391760945,0.183087246981194,NA
"320","LP002781","Male","","0","Graduate","No","Urban",0.0823523030088224,0.633784899447258,-0.0260409685122208,-0.599439197025766,-0.184220729479478,"Y"
"321","LP002782","Male","No","1","Graduate","No","Rural",0.0211195652509106,0.337162880024266,0.135833213578962,-0.551814210179744,0.575832259729954,"N"
"322","LP002786","Female","No","0","Not Graduate","No","Urban",0.187975241395584,0.709186880524172,-0.0586640790976348,-0.736316373608238,1.16821696868752,"Y"
"323","LP002790","Male","No","3+","Graduate","No","Urban",-2.936687258241,2.59385165571846,1.70552365916597,4.43928665781326,0.498474452209407,"Y"
"324","LP002791","Male","","1","Graduate",NA,"Semiurban",2.99159397900805,-1.53310147260234,1.51413045767208,2.12911558417215,-5.02420343510689,NA
"325","LP002793","Male","No","0","Graduate","No","Rural",-0.31430412149463,-0.938033230655061,0.826655410336802,0.0611732928510525,-0.376641909357972,"N"
"326","LP002802","Male","","0","Graduate","No","Semiurban",-3.45821811868535,4.26824114033922,-0.710642688426306,7.54772222194378,0.508285000854203,"Y"
"327","LP002803","Male","No","1","Not Graduate",NA,"Semiurban",-0.50554182647091,-0.042626191407641,0.296741495435339,-0.560107875908655,0.531967013784681,NA
"328","LP002805","Male","No","2","Graduate","No","Urban",0.457665930340999,-0.494754144921197,0.65499748398256,0.0753484736079556,0.222937281918019,"Y"
"329","LP002806","Male","No","3+","Graduate","Yes","Rural",1.11137620105029,-0.653477526789972,0.814151500233026,0.480107196125924,-0.455024657639343,"N"
"330","LP002816","Male","No","1","Graduate","No","Semiurban",NA,NA,NA,NA,NA,NA
"331","LP002823","Male","No","0","Graduate","No","Rural",0.336484319071286,-0.871635905355283,0.856702571075809,0.220276898520853,0.208945082519047,"N"
"332","LP002825","Male","No","3+","Graduate","No","Urban",3.20261536363035,-1.48373317731105,1.50460854514323,1.56215248707082,1.01183135236924,"Y"
"333","LP002826","Female","No","1","Not Graduate","No","Urban",0.79804345157373,0.608612071260023,0.062957990983234,-0.35737977780478,0.291283051682638,"Y"
"334","LP002843","Female","No","0","Graduate","No","Semiurban",-0.21102112337355,-0.754815062708948,0.732995916648914,-0.0359813031040449,0.0553655505549927,"N"
"335","LP002849","Male","No","0","Graduate","No","Semiurban",-1.47082815643542,0.518425642282645,-0.122856755504868,-1.10396766018542,-0.585568618167765,"Y"
"336","LP002850","Male","","2","Graduate","No","Urban",-1.56737981111855,-0.378762288692446,0.377142970231406,-0.732240993994226,-0.1549643088074,"Y"
"337","LP002853","Female","","0","Not Graduate","No","Urban",NA,NA,NA,NA,NA,NA
"338","LP002856","Male","No","0","Graduate","No","Urban",-0.402577374342185,0.368212256597783,0.0739436016561606,-0.706134414125968,0.321901820388323,"Y"
"339","LP002857","Male","No","1","Graduate","Yes","Rural",-1.34479208490031,2.51947597641423,0.333458679102297,1.54189395506084,-0.307302771200824,"N"
"340","LP002858","Female","","0","Graduate","No","Rural",0.631592278358807,-0.561248622724638,-2.2005142855376,0.880936733766144,0.215007312230641,"N"
"341","LP002860","Male","No","0","Graduate","Yes","Semiurban",-1.04169389855528,3.86019687403061,0.393276777928099,2.79243084983621,-0.228761077430077,"Y"
"342","LP002867","Male","","0","Graduate","Yes","Rural",1.42875186304201,1.14125858488179,-0.173793721170167,-0.348547053512658,-0.0262867180706069,"Y"
"343","LP002869","Male","No","3+","Not Graduate","No","Rural",-2.39063245047278,1.78754381178228,1.43068050687436,3.25571277702559,0.353608818627543,"N"
"344","LP002870","Male","No","1","Graduate","No","Urban",-0.590502546819508,-0.818331604256114,0.729610891450626,-0.111177012783182,-0.334792197635906,"N"
"345","LP002876","Male","","0","Graduate","No","Rural",1.05869583981473,-1.10353393066679,1.06422958807609,0.613454626828068,0.25876396450927,"N"
"346","LP002878","Male","No","3+","Graduate","No","Urban",2.39630376945484,-1.26220189524069,1.29421681619026,1.149680380757,0.882830604588708,"Y"
"347","LP002879","Male","No","0","Graduate","No","Rural",-0.0251463734545767,-0.547354050468642,-2.27719798443713,0.61907964385376,0.208013368502826,"N"
"348","LP002885","Male","","0","Not Graduate","No","Urban",-1.17336767860683,-0.434300078108253,0.449904993332666,-0.568050035085375,0.0115846040672132,"Y"
"349","LP002890","Male","No","2","Not Graduate","No","Urban",0.0273852673316159,0.085666992936509,0.279729713559653,-0.390957580506072,0.274026995354594,"Y"
"350","LP002891","Male","No","0","Graduate","Yes","Rural",-0.937096668038558,0.671075464776229,0.636096747795362,0.686819654368066,0.948054977391957,"N"
"351","LP002899","Male","No","2","Graduate","No","Rural",2.41289666452383,-1.34752383227957,1.34458145691561,1.21541764728548,0.72690047354147,"N"
"352","LP002901","Male","","0","Graduate","No","Rural",NA,NA,NA,NA,NA,NA
"353","LP002907","Male","No","0","Graduate","No","Urban",0.235787584536847,-0.669265750899652,0.731464400545686,0.153910878516547,-0.51817133948717,"Y"
"354","LP002920","Male","No","0","Graduate","No","Rural",0.840041270945294,0.567598615486732,0.0914318214871801,-0.189010731112329,-0.97840360731006,"Y"
"355","LP002921","Male","No","3+","Not Graduate","No","Semiurban",-1.16616231344587,0.761778799537022,-0.769430246787192,4.90091523152207,0.871803399362065,"Y"
"356","LP002932","Male","No","3+","Graduate","No","Urban",1.7680378362155,-0.775874486455923,0.952289785006608,0.751185413137462,-0.00669912255541761,"Y"
"357","LP002935","Male","No","1","Graduate","No","Urban",-0.320917490400843,0.110558270482756,0.229582599275374,-0.452355224468246,-0.564740112699098,"Y"
"358","LP002952","Male","","0","Graduate","No","Urban",-1.3817873906602,-0.373019989185087,0.393231838496883,-0.677515837035698,-0.0138715047653311,"Y"
"359","LP002954","Male","No","2","Not Graduate","No","Rural",NA,NA,NA,NA,NA,NA
"360","LP002962","Male","","0","Graduate","No","Semiurban",0.666324871001319,0.468787668972183,0.128882479979796,-0.305981526793802,-0.0174923479201145,"Y"
"361","LP002965","Female","No","0","Graduate","No","Urban",NA,NA,NA,NA,NA,NA
"362","LP002969","Male","No","1","Graduate","No","Semiurban",-0.497093659975593,0.559622774041472,-0.044607276422083,-0.798822656801116,-0.0737638409035397,"Y"
"363","LP002971","Male","No","3+","Not Graduate","Yes","Urban",0.0183298978576929,0.0590599380493156,0.294220761563599,-0.327419559166113,-0.244396553234844,"Y"
"364","LP002975","Male","No","0","Graduate","No","Urban",-0.166148351574995,-0.366219126281079,0.516658910517514,-0.212310079539076,0.0285586280342414,"Y"
"365","LP002980","Male","","0","Graduate","No","Semiurban",NA,NA,NA,NA,NA,NA
"366","LP002986","Male","No","0","Graduate","No","Rural",0.927701167587568,0.15854000275962,0.332805947552238,-0.0360732042824096,-0.126488420561084,"N"
"367","LP002989","Male","","0","Graduate","Yes","Rural",-0.744073011932965,0.569522468376527,2.2967315860507,4.64073923057734,-0.886345712470781,"N"
